job_title,company_name,location,scrapped_date,skills,source
UI Frontend Developer,Toyota North America,"Plano, TX",2025-05-25,,LinkedIn
Front-End / Full-Stack Developer,Corsair,"Milpitas, CA",2025-05-25,,LinkedIn
Frontend Engineer,Artisan,"San Francisco, CA",2025-05-25,,LinkedIn
Junior Front End Developer,U.S. Renal Care,"Nashville, TN",2025-05-25,,LinkedIn
Front End Software Engineer,Lockheed Martin,"King of Prussia, PA",2025-05-25,,LinkedIn
"Software Engineer, Frontend (All Levels)",Zip,"San Francisco, CA",2025-05-25,,LinkedIn
Frontend Engineer,Artisan,"San Francisco, CA",2025-05-25,,LinkedIn
Frontend Developer,Tain,"Malta, MT",2025-05-25,,LinkedIn
Software Engineer (Frontend) - Early in Career,Splunk,"Colorado, United States",2025-05-25,,LinkedIn
"Front-End Engineer, Pets",Amazon,"Seattle, WA",2025-05-25,,LinkedIn
Frontend Engineer - Web,FurtherAI,"San Francisco, CA",2025-05-25,,LinkedIn
Frontend Software Engineer,Snowflake,"Menlo Park, CA",2025-05-25,,LinkedIn
Front-End Web Developer,"Beacon Systems, Inc (BeaconGov)","North Carolina, United States",2025-05-25,,LinkedIn
Frontend Software Engineer,Snowflake,"Bellevue, WA",2025-05-25,,LinkedIn
Front End Developer,Infinite Capital,"Carson City, NV",2025-05-25,,LinkedIn
Frontend Engineer,Sameday,"Lehi, UT",2025-05-25,,LinkedIn
Front End Developer,Sky Systemz,"Lexington, KY",2025-05-25,,LinkedIn
"Software Engineer, Frontend",Wealthfront,"New York, NY",2025-05-25,,LinkedIn
Software Engineer (Frontend) - Early in Career,Splunk,"North Carolina, United States",2025-05-25,,LinkedIn
Front-End Developer,BlueChew,"Austin, Texas Metropolitan Area",2025-05-25,,LinkedIn
"Software Engineer, Frontend",Glean,"Palo Alto, CA",2025-05-25,,LinkedIn
Front End Developer,FranklinCovey,United States,2025-05-25,,LinkedIn
"Software Engineer, Frontend",Wealthfront,"Palo Alto, CA",2025-05-25,,LinkedIn
"Junior Frontend Software Engineer, MyLexia",Lexia Learning,"Dallas, TX",2025-05-25,,LinkedIn
Frontend Engineer,Focus AI,"New York, NY",2025-05-25,,LinkedIn
Software Engineer Internship  Javascript or SDET,Neurensic,"Chicago, IL",2025-05-25,,LinkedIn
Frontend Software Engineer,Zoom,"San Jose, CA",2025-05-25,,LinkedIn
Front-End Engineer,Alpha,"New York, NY",2025-05-25,,LinkedIn
Frontend Engineer - Mobile,Pickle,"New York County, NY",2025-05-25,,LinkedIn
Frontend Developer,Wise Pirates,"Allen, TX",2025-05-25,,LinkedIn
"Front-End Software Engineer, Adobe AI Platform",Adobe,"San Jose, CA",2025-05-25,,LinkedIn
"Frontend Engineer, Platform",Patreon,"San Francisco, CA",2025-05-25,,LinkedIn
Front End Web Developer,DealerVero,"St Louis, MO",2025-05-25,,LinkedIn
Frontend Engineer,Confluent,"Austin, TX",2025-05-25,,LinkedIn
"Junior Frontend Software Engineer, MyLexia",Lexia Learning,"Concord, MA",2025-05-25,,LinkedIn
Software Engineer (Frontend) - Early in Career,SPLUNK SERVICES UK LIMITED,"Indiana, United States",2025-05-25,,LinkedIn
Front-End Engineer,Alpha,"New York, NY",2025-05-25,,LinkedIn
Frontend Developer,Casper Studios,United States,2025-05-25,,LinkedIn
Software Engineer - Frontend,MotherDuck,"San Francisco, CA",2025-05-25,,LinkedIn
Front End Developer,Health-E Commerce,United States,2025-05-25,,LinkedIn
Frontend Engineer,Passes,Los Angeles Metropolitan Area,2025-05-25,,LinkedIn
Frontend Web Developer,Rugged Robotics,"Houston, TX",2025-05-25,,LinkedIn
eCommerce Full Stack Developer (React / Shopify) - On Site,Corsair,"Milpitas, CA",2025-05-25,,LinkedIn
Front-End Engineer (Anime),Spellbrush,"San Francisco, CA",2025-05-25,,LinkedIn
Front-End Engineer (Anime),Spellbrush,"San Francisco, CA",2025-05-25,,LinkedIn
Frontend Engineer,Relari,"San Francisco, CA",2025-05-25,,LinkedIn
Software Engineer - Frontend,MotherDuck,"Seattle, WA",2025-05-25,,LinkedIn
Frontend Engineer,Elicit,"California, United States",2025-05-25,,LinkedIn
Frontend Software Engineer,Artos AI,"San Francisco, CA",2025-05-25,,LinkedIn
Junior Frontend Web Developer,First Community Credit Union,"Coquille, OR",2025-05-25,,LinkedIn
Frontend Engineer,PlayAI,"Palo Alto, CA",2025-05-25,,LinkedIn
Software Engineer - Frontend,Sony Interactive Entertainment,"Madison, WI",2025-05-25,,LinkedIn
